region,AOD_550_NHX,AOD_550_T,AOD_550_SHX,AOD_550_NHX_L_seas,CLDliq_NHX,CLDliq_T,CLDliq_SHX,CLDliq_NHX_L_seas,CTP_NHX,CTP_T,CTP_SHX,CTP_NHX_L_seas,MSLP_DGM_NHX,MSLP_DGM_T,MSLP_DGM_NHX_seas,OLR_NHX,OLR_T,OLR_SHX,OLR_NHX_L_seas,OLRC_NHX,OLRC_T,OLRC_SHX,OLRC_NHX_L_seas,Precip_NHX_L,Precip_T_L,Precip_T_L_seas,Precip_NHX_L_seas,RH@500_NHX,RH@500_T,RH@500_SHX,RH@500_NHX_L_seas,RSR_NHX,RSR_T,RSR_SHX,RSR_NHX_L_seas,RSRC_NHX,RSRC_T,RSRC_SHX,RSRC_NHX_L_seas,Reff_NHX,Reff_T,Reff_SHX,Reff_NHX_L_seas,T2m_NHX_L,T2m_T_L,T2m_NHX_L_seas,T@500_NHX,T@500_T,T@500_SHX,T@500_NHX_L_seas,netflux_global
AOD_550_NHX,9.142923913651777e-06,3.02976992461057e-06,-9.991127967996635e-08,4.538448843532239e-06,6.167201650117552e-07,-2.4402795387775735e-07,2.9734034802943586e-07,1.93167577242457e-06,0.04920007610564972,0.08066906452667287,-0.005610165829299066,-0.09671842434191866,0.012673531429530614,-0.008230943962372702,-0.05026897043008402,1.9462254012355903e-05,0.00012099831462280594,-1.9359346713932994e-05,0.0003188844753962042,-0.00010075927107174993,6.88432756296074e-05,-1.3401795862428881e-05,0.00044224127784342905,1.7072007056912712e-11,-5.211715927568714e-11,-1.1317735566925637e-10,-6.90446344977967e-11,-8.28244160965409e-05,-4.859170387722572e-05,-2.8075101352701515e-05,-0.00015014048693758676,0.00013351974680552301,5.038281813664074e-05,6.0570061637082e-05,0.00011808225734746891,0.0002757344752492829,0.0001078371588225588,4.678670880679996e-05,-0.0001298414189326563,-1.7591301458724288e-12,3.4592472059466695e-12,1.3099970143247473e-11,-2.5011665196954212e-11,-0.0001048477548988611,2.616402120997669e-05,0.0002457251409789948,1.2648122160253221e-05,3.2849183176971974e-06,1.0517471507396996e-05,8.588015811280799e-05,-0.0001342440658636768
AOD_550_T,3.02976992461057e-06,7.92985463311503e-06,7.349844505334064e-07,2.2894195589245107e-06,5.339252139561405e-07,-1.914312250315943e-07,-1.1494617489621793e-07,-5.751108530304776e-07,0.019968444587487866,0.02825958686447908,-0.013577836456309254,-0.20595777958662836,0.009756510266400406,-0.005083001066981682,-0.05377692108807387,0.00011421064443690093,1.890151038630339e-05,3.7971983094879015e-05,0.0002833632948719052,3.9684160890525134e-05,-1.147107381807113e-05,3.836098060465055e-05,0.0004185165069421068,-6.907592649367319e-11,-2.604256028369191e-11,1.5309682180906046e-10,-5.281410333829519e-12,-0.00018904050212229903,3.7959558204790205e-05,-3.271468179336134e-05,0.00015774789383359613,3.0730574428049615e-06,0.00016891157006390658,-2.0680577146557232e-05,4.1103233909453116e-05,0.00010408617980641854,0.00018901744772521583,2.457407735000704e-05,-3.560139171096665e-05,-1.4170082567292912e-12,7.533988265492806e-12,4.45984794231127e-12,-1.3055905931458687e-11,-9.541659232567122e-06,-1.585087862199967e-05,0.00018080987890390377,4.317208405003937e-05,5.717028919564955e-06,4.591020555074096e-05,0.00014563813234263074,-0.0001275476149899519
AOD_550_SHX,-9.991127967996635e-08,7.349844505334064e-07,3.7827735058256373e-06,-1.0446416560123535e-07,-2.497653701851867e-07,-1.8045298565174808e-07,-6.119926138596848e-07,2.6078778888567995e-06,0.00114280410298967,0.0022713835206806645,0.008587835970784368,0.13891522701375789,0.006413059992970822,-6.36460358969241e-06,-0.012564220971862636,-4.4986956278052566e-06,5.857940030285969e-05,7.882525074602955e-05,0.00043768331000160676,-2.566025687632441e-05,5.585888358422177e-05,4.147291927456372e-05,0.00035584679786927975,2.345949202989679e-11,-2.1677629663943184e-10,3.038128159862717e-10,5.8443677735104105e-12,1.1142791706047957e-05,-2.2266697514504302e-05,9.671048863682919e-06,-0.00014413922407531264,4.7250835896633707e-05,2.7707638176681206e-05,-0.00010717447254418636,-0.00027410098389763946,4.546713148177351e-05,3.318771779854619e-05,1.5797444919246324e-05,-0.00014632225788172216,3.1211217271872834e-12,5.639248888145146e-13,-3.218244937719625e-12,-1.4425959481273359e-11,-5.6954669870643856e-05,1.656511103925735e-05,0.00018552249686630356,1.7468905277341599e-06,4.865216596760197e-06,1.6386582598292392e-05,7.394855130527508e-05,-4.6742259337853954e-05
AOD_550_NHX_L_seas,4.538448843532239e-06,2.2894195589245107e-06,-1.0446416560123535e-07,3.771621321387808e-05,-1.3757520387679738e-06,-5.142304294156251e-07,3.398429330046053e-06,5.2204971282336405e-06,0.0037611793814160566,0.20725918215193223,0.13153601393744355,0.28805831823817823,-0.039066013667146106,0.003336260691336697,0.05431033506920865,0.0003131412305518113,0.00026446743941073555,0.00010528669439853162,0.00039569882523802905,0.0002515171483963061,0.0001438950204400225,5.560372636198215e-05,-0.00030561987371442733,-2.665812430427333e-11,-4.0864567465116397e-10,-9.755395025363684e-10,-4.748407765890937e-10,-0.0001528065793098318,-9.094376155385275e-05,-9.186099572280894e-05,-0.00032755805803543663,-0.0002974372190049927,-2.0263230563591937e-05,0.00023532230535836573,0.0009317144672354803,7.338150391787751e-05,0.00011085479026969511,6.301832514671963e-05,0.0015972659958286026,-6.565199933452295e-12,-3.4882269011711026e-12,2.1359165208008618e-11,-4.752483631468996e-12,0.0002008154236422019,1.4659175500121195e-05,-0.00028566040835138333,5.852905018778035e-05,1.7276541595019505e-05,3.040387188230549e-05,3.841983347769468e-05,-0.00021118642436182666
CLDliq_NHX,6.167201650117552e-07,5.339252139561405e-07,-2.497653701851867e-07,-1.3757520387679738e-06,7.0150639617303e-06,3.461368057123976e-07,-5.907900501650005e-07,-1.405386771702191e-06,0.15791412685253234,0.0488314148017915,0.029823364389127856,-0.19227186920109898,0.007840418325624042,-0.005863655216271205,-0.029802250746853248,-7.903619961079441e-05,-2.8294683732942206e-05,0.00011663254946935916,-0.0003672767782543257,-9.876018319851235e-05,-7.939601841854578e-06,6.152175065277308e-05,-0.0002239774619885489,2.1558534811247217e-10,2.65614118695197e-10,1.675273272650528e-10,1.1296581837847882e-10,-9.6296142397627e-05,2.053859798534196e-05,9.143911143359945e-05,8.272617552547476e-05,0.0004195511544524948,6.675892353914773e-05,-8.66872197614019e-05,0.000621358631764311,0.0001216233594610791,1.371963529685207e-05,-4.5388781848023166e-05,-2.3608075877750702e-05,3.665353408573022e-13,1.6237030209831808e-12,9.578145625350853e-12,-6.6026921233711505e-12,-7.016389746276952e-05,-8.733446086491389e-06,-0.0001485841997597364,1.316198292955406e-05,-5.623478418118452e-06,2.639425035611816e-06,5.5932607414098944e-05,-0.00011184865387329941
CLDliq_T,-2.4402795387775735e-07,-1.914312250315943e-07,-1.8045298565174808e-07,-5.142304294156251e-07,3.461368057123976e-07,2.6749130343135323e-06,-1.0403368182140711e-07,-5.166846912252643e-07,0.014735412577519053,0.016949876950385304,-0.010189727433799976,-0.02328717373917915,0.001502322459781127,0.00021580285147213173,-0.004749396792037444,-1.968492272161898e-05,-3.3151423178770856e-05,-2.9224710614465034e-05,-1.017980551468026e-05,-1.6779007728811684e-05,-2.427389883846514e-05,-1.8250628661845457e-05,1.8928997797472707e-05,-2.3485615915398908e-11,1.5779523471024017e-10,-1.2323932612562112e-10,2.026228745694014e-11,1.1828667987888714e-06,2.2785769056098843e-05,2.5162523053028177e-06,1.7434780786002695e-05,2.3693173922385545e-05,2.6198695707017808e-05,2.9845271298363918e-05,2.6693068198254237e-05,-1.0046282146695493e-05,-1.3518388861039872e-05,6.356340082842274e-06,8.527578449752402e-06,-2.8569028149096076e-13,2.0021633286493843e-12,-1.8017197477489035e-12,-8.161916688330446e-13,-2.2208562397785583e-06,-8.768275878664004e-06,-1.83635727785762e-05,-3.6992864958840336e-06,3.279926963568877e-06,-6.749938140087014e-06,5.452580047336247e-06,2.3194409446751353e-06
CLDliq_SHX,2.9734034802943586e-07,-1.1494617489621793e-07,-6.119926138596848e-07,3.398429330046053e-06,-5.907900501650005e-07,-1.0403368182140711e-07,5.100378706301788e-06,-1.3448185136600455e-06,0.013686585482464635,6.796083541706236e-05,0.09960438653498821,0.0461747083351221,-0.011430619849940071,-7.547270679556166e-06,0.007131858555531552,5.902332206627725e-05,-3.309701227903272e-05,7.125556004878025e-05,-0.00010152128713562263,4.8627720869617214e-05,-2.667528535858933e-05,2.124078876844099e-05,-0.00027838060533761163,5.079495259115049e-11,-5.6609001394163204e-11,-1.6739364153753477e-10,-7.949797158595691e-12,4.212224488343724e-05,2.239931542968789e-05,-0.00014594714620622053,-0.00017688490831092673,-9.538142068806336e-05,-7.194250514162799e-06,0.00015694486037790906,-6.771314068392327e-05,-3.612563320905783e-05,-1.8921217650296662e-06,9.376051474126889e-08,0.00012658100304241196,7.491103419699163e-13,-2.554056681367389e-12,-6.126733458231838e-13,7.757017244884078e-13,6.353075141167315e-05,1.1660147745211673e-06,-0.00012247872270978877,-1.7074872185211808e-06,-1.4119115670669388e-05,2.1520349820510423e-05,-3.748431726904885e-05,-2.7815762371532657e-05
CLDliq_NHX_L_seas,1.93167577242457e-06,-5.751108530304776e-07,2.6078778888567995e-06,5.2204971282336405e-06,-1.405386771702191e-06,-5.166846912252643e-07,-1.3448185136600455e-06,4.2054072191397236e-05,-0.10253190375890575,0.12563848310927622,-0.11788720052427762,1.6861536788974996,0.055341333777197244,-0.005965631810562788,-0.067817993904532,-0.0001370180036106009,0.00046473114944112383,-0.00020942956977803987,0.0016122563441995088,-0.00019445335272380384,0.00028231678533653984,-0.00012806666561719645,0.0015416295637585157,-6.70454946180275e-11,-3.7099799261436745e-10,-4.4833045608462626e-10,-1.0356028355911521e-10,7.592859775066779e-05,-0.00019786623779729517,-0.0001127690987866612,-0.00022426523686635105,0.00027874059704593535,-0.00018745207906493484,0.00014408675227228353,0.0018178656531227231,0.0002110923889969013,9.635463358110793e-06,0.00016853858744580116,0.00045402789739739866,-1.0669724326270324e-11,-1.6888063257160965e-12,-1.4528888840634985e-11,-1.6668684175828748e-10,-0.0003798922827821188,6.645202011362059e-05,0.0008082162545628391,-3.294749988650221e-05,4.323094738544313e-05,4.174246812195978e-05,-2.9011902841995884e-05,-0.0001577390944127596
CTP_NHX,0.04920007610564972,0.019968444587487866,0.00114280410298967,0.0037611793814160566,0.15791412685253234,0.014735412577519053,0.013686585482464635,-0.10253190375890575,13308.396719569093,3055.761044402049,3996.003779826048,-7232.324106467477,720.2340337607694,-338.3122197903518,-2069.1687231295027,-0.9510834489120275,-1.545650304618499,9.530744209490228,0.44108208448195435,-7.53436437319808,-0.3629296770240703,4.498605813114352,0.29694037786443434,1.1865758513098606e-05,6.707090836932156e-06,9.388475661318995e-06,9.018796120875037e-06,-1.476671407945395,3.033500026372088,2.022953916873898,-9.923859653457106,14.974312339981216,3.0033068564958625,-4.200271510984746,10.497060394780842,9.110022979679664,0.6302124229914791,-2.2660159506466697,-0.02545699934036623,-2.129903205793966e-08,4.173241089016415e-08,1.8055028935692076e-07,-9.302718246291149e-07,-5.9993440495671395,0.2924947731489752,-1.245274736687522,-1.4201645966078602,-0.6382508761870495,0.35317974138254365,8.368623164857423,-5.567278526289769
CTP_T,0.08066906452667287,0.02825958686447908,0.0022713835206806645,0.20725918215193223,0.0488314148017915,0.016949876950385304,6.796083541706236e-05,0.12563848310927622,3055.761044402049,10102.43847504534,-143.56776323404839,3949.109730093891,188.9750863153975,-79.94622882467097,-1726.4571509912503,0.9466067571118343,9.409808173145487,-1.2896972891532508,22.923079950548537,-2.1890734732815536,5.7110514044478675,-0.9039054259328749,20.419082899952045,1.196096895781454e-07,-4.7631962950114185e-07,-1.6588407270348073e-05,-4.082088336325578e-07,-2.789478319516642,-6.469451783338047,0.2740954774219354,-4.9572787869966115,7.069776044968176,0.4809679750180987,6.116161819634126,9.482165551274019,7.55936535367629,1.279555176403341,1.998268170195258,4.123141978367275,-8.693802662063156e-08,-3.531936639238689e-07,1.3246198874456517e-07,-9.566168622567897e-07,-3.030666431214064,-0.34752764801821623,7.003435801753832,0.8144796750230573,0.7687529106550205,-0.4428415711240379,6.521519703862388,-8.15611064091206
CTP_SHX,-0.005610165829299066,-0.013577836456309254,0.008587835970784368,0.13153601393744355,0.029823364389127856,-0.010189727433799976,0.09960438653498821,-0.11788720052427762,3996.003779826048,-143.56776323404839,10393.011346836569,-5899.790693098495,-743.5991885175669,-89.00581512706194,-160.02408114988367,-1.1029968009017248,-2.7777306446419145,14.679743349049248,-14.700398261973632,-1.2734287985023807,-1.3902513021175988,5.164081026761502,-22.434715448324607,1.0840275956907813e-05,-1.117807935035017e-05,1.7844843249675667e-05,-2.3163059088739788e-06,4.404020611456119,2.604527493889868,-1.426167372831933,-7.116801341176003,4.970512807444748,-0.32124142245557613,-5.809883775712907,-1.5472036570542955,1.056276172502708,-0.03438288069341452,-3.0525745425347974,2.4572674950732236,2.384013149857968e-07,-1.4002525933394771e-07,2.746728953898499e-07,-1.9076083973348818e-07,0.5134143460870821,0.8298939452229778,-9.163513108152465,-0.6860528859263391,-1.658385903715432,0.2968018730319365,-2.5655147060321117,-1.634804484619334
CTP_NHX_L_seas,-0.09671842434191866,-0.20595777958662836,0.13891522701375789,0.28805831823817823,-0.19227186920109898,-0.02328717373917915,0.0461747083351221,1.6861536788974996,-7232.324106467477,3949.109730093891,-5899.790693098495,125386.23572038158,1620.5121618295161,341.5545476606532,136.04503103148252,14.048759489172527,23.964911024678607,-12.892590290480776,141.3697199779519,8.19933894271597,16.40324865508689,-5.6262780156549725,80.29502636079913,-2.3119612561370297e-06,-8.869649172729664e-06,-1.6603869498569716e-05,1.3364683494649202e-06,2.9430162571031406,-11.305420724435724,-16.921049030971282,-58.17921457914472,-15.78755653078398,-10.888450618657874,25.041425529143503,-0.7263816884949147,-3.223040745344962,-6.100151267704037,13.44002960553297,26.18481788980741,1.9879132722011315e-07,5.20538862172657e-07,-1.52292541222669e-06,-7.787935653955505e-06,-4.295301234042729,4.948506534289647,33.762093815007674,3.62381363661193,4.908045709681169,4.142358459365485,3.5314733339756237,-9.140877690640563
MSLP_DGM_NHX,0.012673531429530614,0.009756510266400406,0.006413059992970822,-0.039066013667146106,0.007840418325624042,0.001502322459781127,-0.011430619849940071,0.055341333777197244,720.2340337607694,188.9750863153975,-743.5991885175669,1620.5121618295161,665.688750687696,-68.99274525223697,-723.6062872651879,-0.8536719158359087,0.6905274255176332,-1.2753177830302787,7.50821867145727,-1.8268329320648882,0.3996610491140299,-0.8014274880525193,9.037711126556255,4.218152115319422e-08,4.6845870936292914e-07,2.1450718322862932e-06,1.0144247297326179e-06,0.2887410167958621,0.06765643264629463,0.12651312979176763,-0.7679419572050131,2.2442069840998835,0.20415604963727654,0.3218509596653538,-0.2815163860519231,1.7752083885304013,0.2703977031108672,0.4856751484089758,-2.5678727579174003,-1.7689985664182413e-08,4.548688275698474e-08,-4.4359951113407166e-08,-3.1303054703508465e-07,-2.209692283071661,0.37239653197590683,4.494382192623067,-0.2020180753136663,0.10731608009268935,-0.059905656537480215,2.0600345625313494,-0.5566316504525247
MSLP_DGM_T,-0.008230943962372702,-0.005083001066981682,-6.36460358969241e-06,0.003336260691336697,-0.005863655216271205,0.00021580285147213173,-7.547270679556166e-06,-0.005965631810562788,-338.3122197903518,-79.94622882467097,-89.00581512706194,341.5545476606532,-68.99274525223697,280.79982615973216,200.71720924676163,0.31730188833151524,-0.14305923649582616,-0.2188067912256436,-0.14855046833149105,0.5696231454735678,-0.048957583453022695,-0.07915897220084006,-0.7851864499873586,-4.799213697818007e-07,-1.1188183006274391e-07,-4.683647987847165e-07,1.4858898308757706e-07,-0.05820086073893069,0.0009701705070118113,-0.05084960907702326,0.0886299837346619,-0.8692282032702735,0.001691486618877978,0.1489580558038838,-0.8344510341476017,-0.5998838010042401,-0.16136860584996135,0.022053271563043073,0.412075611315904,-1.2884223112748818e-08,-1.3421849802963711e-08,-1.2037682941262553e-08,2.104352843213405e-08,0.5103152530670331,-0.02891467799785704,-0.5439407399933968,0.051569874190358814,0.04636729162102415,-0.00017581111103085264,-0.34703230603332935,0.22614893162322278
MSLP_DGM_NHX_seas,-0.05026897043008402,-0.05377692108807387,-0.012564220971862636,0.05431033506920865,-0.029802250746853248,-0.004749396792037444,0.007131858555531552,-0.067817993904532,-2069.1687231295027,-1726.4571509912503,-160.02408114988367,136.04503103148252,-723.6062872651879,200.71720924676163,3148.8089175296295,2.2833896284642012,-1.4077657365088805,-0.6062533495252442,-19.890162372913792,4.9468086274586796,-0.741810884005369,0.4746863738014361,-23.92217153461194,-1.0785751887996912e-07,-2.140455256291789e-06,-2.3059599837582404e-06,-4.220047270420675e-06,0.06825085047545715,0.026263651531894187,0.06331744703885524,3.1462487267985595,-6.288111586809338,-1.9873003292218725,0.0693477844216843,2.3920659311945984,-5.658389797806098,-1.739453801422686,-0.7153030062509929,6.731215377271739,-1.468110285139279e-07,-1.7878592922897858e-07,-1.0295144285933317e-08,9.644941269658938e-07,5.5321129182338336,-0.2748505067713869,-11.632621318962203,0.11409920801862218,-0.2543481433605803,-0.47788751936436724,-6.218080578431626,2.8329085968577385
OLR_NHX,1.9462254012355903e-05,0.00011421064443690093,-4.4986956278052566e-06,0.0003131412305518113,-7.903619961079441e-05,-1.968492272161898e-05,5.902332206627725e-05,-0.0001370180036106009,-0.9510834489120275,0.9466067571118343,-1.1029968009017248,14.048759489172527,-0.8536719158359087,0.31730188833151524,2.2833896284642012,0.0650452033915579,0.0038533402864296454,-0.005250430978884367,0.042400200169073456,0.03001568780942239,0.0016999611009129508,-0.000688149708502243,0.005828406064134039,-5.979533300992284e-09,-9.726218590396561e-09,1.8628893314672806e-08,3.2517010079556546e-09,-0.013500485390557615,0.0024761779138390257,-0.010507142066940298,-0.016385955569731412,-0.03681080962783886,0.004569975071962668,0.01628789614735386,-0.04106706557492097,-0.010884586935932406,0.0038654742497800988,0.0050266962977495,0.019268587231677528,1.1691401625995766e-11,-3.017248496380023e-12,3.3954831520171985e-10,-2.2000265026456134e-10,0.020126064220009517,0.0013848709878767778,-0.009371476711351046,0.00920353052263636,0.0008828388757519555,0.001823721540555646,0.0065024597960952136,-0.008241765034310592
OLR_T,0.00012099831462280594,1.890151038630339e-05,5.857940030285969e-05,0.00026446743941073555,-2.8294683732942206e-05,-3.3151423178770856e-05,-3.309701227903272e-05,0.00046473114944112383,-1.545650304618499,9.409808173145487,-2.7777306446419145,23.964911024678607,0.6905274255176332,-0.14305923649582616,-1.4077657365088805,0.0038533402864296454,0.04784238776117514,-0.004233662877229706,0.05468172644461238,-0.000527990437397313,0.015901512104453626,-0.0014933766043667392,0.042116011404741006,1.4202150110895952e-09,-2.622221905829332e-08,-6.6585451717866536e-09,-3.465938909147276e-09,-0.002511457278787705,-0.017475869726155772,0.0013422719170171939,-0.01705110577736537,0.0032679910648978215,-0.006741313129827686,0.005642311807050483,-8.832711502433875e-05,0.01018117900533632,0.0023279581948948214,0.004554425258267228,0.003401363180390762,5.371957040867344e-11,-9.074222530824723e-10,5.052311372437173e-10,-1.4750710485472867e-09,-0.005982263445066701,0.0018437644476225232,0.020561318924983862,0.0020000972039526253,0.0018849570009371395,-0.0003826957995527599,0.011672095571512268,-0.01110745218936814
OLR_SHX,-1.9359346713932994e-05,3.7971983094879015e-05,7.882525074602955e-05,0.00010528669439853162,0.00011663254946935916,-2.9224710614465034e-05,7.125556004878025e-05,-0.00020942956977803987,9.530744209490228,-1.2896972891532508,14.679743349049248,-12.892590290480776,-1.2753177830302787,-0.2188067912256436,-0.6062533495252442,-0.005250430978884367,-0.004233662877229706,0.061163906281848264,-0.03227823645499985,-0.0053347166293045,-0.0006886469215416345,0.020016807680206958,-0.04441442474741919,1.724824483014813e-08,-2.6259549453489443e-08,4.349401548350653e-08,-2.871920488679687e-10,0.003518733033065914,0.004904603071534973,0.004518418328377841,-0.012269507463337692,0.01353082148940257,0.0012818689804810295,-0.02607817712826942,0.008597904326500002,0.0038786441453626625,0.002304129374908012,-0.00834567372591063,0.005746757931727927,7.789985922131948e-10,-2.9699251576024143e-11,4.171811798350443e-10,-1.5849992105226568e-09,-0.0009380892113996228,0.0014037469638276986,-0.01727013960924146,-0.002400060448509817,-0.002216203906512193,0.004128140838119541,-0.0010926323298457075,-0.0035774951103890885
OLR_NHX_L_seas,0.0003188844753962042,0.0002833632948719052,0.00043768331000160676,0.00039569882523802905,-0.0003672767782543257,-1.017980551468026e-05,-0.00010152128713562263,0.0016122563441995088,0.44108208448195435,22.923079950548537,-14.700398261973632,141.3697199779519,7.50821867145727,-0.14855046833149105,-19.890162372913792,0.042400200169073456,0.05468172644461238,-0.03227823645499985,0.6581238749218395,-0.00021179146828251573,0.04296012177480708,-0.0206313033498282,0.5292751720728145,-2.174348028374892e-08,-4.9785502676149735e-08,1.042779606389472e-07,1.86297165480616e-08,0.007081231437006269,-0.024136216044146192,-0.013786450170681969,-0.19113612728500987,-0.005273430949453653,0.016168574602700148,0.039625134353412035,-0.33881397730667945,0.04084496117024817,0.01037588378756874,0.031466274376468185,-0.11213320007289784,9.99168825830529e-10,1.8042623682219562e-09,-9.919962414112161e-10,-1.2029909656636809e-08,-0.039866500717223384,0.019652841438097552,0.22960006245546663,0.016397109347986355,0.012707323717626597,0.0029297966153327888,0.12311873701999959,-0.046544123757767626
OLRC_NHX,-0.00010075927107174993,3.9684160890525134e-05,-2.566025687632441e-05,0.0002515171483963061,-9.876018319851235e-05,-1.6779007728811684e-05,4.8627720869617214e-05,-0.00019445335272380384,-7.53436437319808,-2.1890734732815536,-1.2734287985023807,8.19933894271597,-1.8268329320648882,0.5696231454735678,4.9468086274586796,0.03001568780942239,-0.000527990437397313,-0.0053347166293045,-0.00021179146828251573,0.05350511325749059,-0.0014025798404052401,-0.0005783249365638916,-0.0287172491253443,-9.222760558093185e-09,-7.880728968654662e-09,8.342850110412532e-09,-1.0013049910584837e-08,-0.010433160791837075,0.0027332155069556526,-0.00823566095910425,0.00540122668959036,-0.03376015345234238,0.0015925500808218738,0.012490534726860703,-0.01665440066434925,-0.019338367652900673,0.001102350516025648,0.0029795562477892596,0.025579942617789488,-6.646003639978517e-11,-5.3928490309212794e-11,2.7125243108224497e-11,1.0320843027513625e-09,0.023559453803189807,-0.0002232412371502886,-0.024012005507320192,0.007651639365953715,0.000496452567908474,0.0012925208788298673,-0.005634069112347526,-0.0013851146555397072
OLRC_T,6.88432756296074e-05,-1.147107381807113e-05,5.585888358422177e-05,0.0001438950204400225,-7.939601841854578e-06,-2.427389883846514e-05,-2.667528535858933e-05,0.00028231678533653984,-0.3629296770240703,5.7110514044478675,-1.3902513021175988,16.40324865508689,0.3996610491140299,-0.048957583453022695,-0.741810884005369,0.0016999611009129508,0.015901512104453626,-0.0006886469215416345,0.04296012177480708,-0.0014025798404052401,0.0351016203525237,0.00013400230237342793,0.032715223571411475,3.3789074270656494e-09,-2.0326799610081472e-08,5.3749836644831516e-09,4.551798187629283e-09,-0.0008017333445352892,-0.011813360177832025,0.001418221814702353,-0.01738327750093361,0.005244203651742607,-0.003040012329600842,0.0020300249857280557,-0.009010470475338777,0.008787204816788989,0.001016136435845599,0.002680319978923064,-0.005858752837516091,8.654338710636128e-11,-5.818607405595915e-10,3.2992666186466355e-10,-1.1155598176632208e-09,-0.005058755242309508,0.001821827648127725,0.015884177571952384,0.0013291689517285024,0.0014912769714541415,-0.0003341522172610605,0.008838247936416471,-0.008502253297628902
OLRC_SHX,-1.3401795862428881e-05,3.836098060465055e-05,4.147291927456372e-05,5.560372636198215e-05,6.152175065277308e-05,-1.8250628661845457e-05,2.124078876844099e-05,-0.00012806666561719645,4.498605813114352,-0.9039054259328749,5.164081026761502,-5.6262780156549725,-0.8014274880525193,-0.07915897220084006,0.4746863738014361,-0.000688149708502243,-0.0014933766043667392,0.020016807680206958,-0.0206313033498282,-0.0005783249365638916,0.00013400230237342793,0.03675542549983281,-0.02791886690017496,6.214632538428336e-09,-1.5118740651473816e-08,2.1507507765800888e-08,4.975395978990836e-10,-0.0013681176590427577,0.0022743945757597236,0.00384381525381596,-0.004592046455483955,0.0026419298029499486,0.0003575275304397621,-0.014540271185504577,0.009196695644310379,-0.0007765920715921774,0.001698245224019228,-0.005437858380951205,0.006574806985617705,3.8489947093970623e-10,-3.4945465464376603e-11,2.3655174997154816e-10,-6.312262369960845e-10,0.0017594801769252304,0.0008751036122791056,-0.011947512148082404,-0.001121055887110783,-0.0006299912528831441,0.00301934542761759,-0.0010266955264661224,-0.0012895631691502486
OLRC_NHX_L_seas,0.00044224127784342905,0.0004185165069421068,0.00035584679786927975,-0.00030561987371442733,-0.0002239774619885489,1.8928997797472707e-05,-0.00027838060533761163,0.0015416295637585157,0.29694037786443434,20.419082899952045,-22.434715448324607,80.29502636079913,9.037711126556255,-0.7851864499873586,-23.92217153461194,0.005828406064134039,0.042116011404741006,-0.04441442474741919,0.5292751720728145,-0.0287172491253443,0.032715223571411475,-0.02791886690017496,0.5583796080164686,-3.224499172243159e-08,-1.940780648264195e-08,6.898221806788895e-08,2.7801970341031777e-08,0.004596935758628068,-0.020505329809187133,-0.0018910117360459277,-0.10386328724248457,0.030746195780598423,0.019506021855480185,0.02737306480792462,-0.24814582195841406,0.05396228881203686,0.014427349356272282,0.026188098778042148,-0.16101938338906743,4.539816758256254e-10,1.6614101486570899e-09,-6.378508109521252e-10,-9.452488150937768e-09,-0.060411662068232425,0.013054117132582988,0.24537924714864745,0.007256011830211059,0.010196170342635336,0.00010612209339329518,0.1123388099902357,-0.035694531237092715
Precip_NHX_L,1.7072007056912712e-11,-6.907592649367319e-11,2.345949202989679e-11,-2.665812430427333e-11,2.1558534811247217e-10,-2.3485615915398908e-11,5.079495259115049e-11,-6.70454946180275e-11,1.1865758513098606e-05,1.196096895781454e-07,1.0840275956907813e-05,-2.3119612561370297e-06,4.218152115319422e-08,-4.799213697818007e-07,-1.0785751887996912e-07,-5.979533300992284e-09,1.4202150110895952e-09,1.724824483014813e-08,-2.174348028374892e-08,-9.222760558093185e-09,3.3789074270656494e-09,6.214632538428336e-09,-3.224499172243159e-08,3.14559356036846e-12,-4.854242532674304e-15,3.7350857136844083e-14,3.6675204341577876e-14,3.603681125240379e-09,-9.330064970504408e-10,3.9668990072155065e-09,-1.7398840208662058e-08,2.9015138817518782e-08,-1.8318185692572925e-09,-1.3317053385647341e-08,7.009828677379563e-09,1.235690733245702e-08,-2.0155818890548516e-09,-5.305680808971164e-09,-6.893822143951447e-09,5.164238971011243e-16,4.596389973005013e-17,1.0426918975176518e-15,-8.551703217229985e-17,-5.251981314523431e-09,3.3573433998935433e-09,-1.0345070556717586e-08,1.9103673167224825e-09,-1.5405512217647819e-09,-2.859530894283864e-09,2.6260003733408886e-09,-6.535789016259756e-09
Precip_T_L,-5.211715927568714e-11,-2.604256028369191e-11,-2.1677629663943184e-10,-4.0864567465116397e-10,2.65614118695197e-10,1.5779523471024017e-10,-5.6609001394163204e-11,-3.7099799261436745e-10,6.707090836932156e-06,-4.7631962950114185e-07,-1.117807935035017e-05,-8.869649172729664e-06,4.6845870936292914e-07,-1.1188183006274391e-07,-2.140455256291789e-06,-9.726218590396561e-09,-2.622221905829332e-08,-2.6259549453489443e-08,-4.9785502676149735e-08,-7.880728968654662e-09,-2.0326799610081472e-08,-1.5118740651473816e-08,-1.940780648264195e-08,-4.854242532674304e-15,3.2561327528784045e-12,-1.228704728052836e-13,2.1427067673433002e-14,-1.4951899568978144e-08,1.2902096629562227e-08,-3.4440221878645244e-09,2.151430376563871e-08,9.98901064974622e-09,1.5253940255960707e-08,2.601086890330068e-08,5.1167514663612194e-08,-6.0046321994050545e-09,-5.5823288229665305e-09,3.974591955520799e-09,2.7389285472240058e-08,-4.0832593393295244e-16,2.2315343299663182e-15,-6.75674950311394e-16,4.534088439237793e-16,7.742290886287076e-10,-1.0580477899862972e-08,-2.1317441280281108e-08,1.1803924055251823e-09,2.8516578215295594e-09,-2.7077713414204075e-09,-3.6961516243039366e-09,5.480997370272117e-09
Precip_T_L_seas,-1.1317735566925637e-10,1.5309682180906046e-10,3.038128159862717e-10,-9.755395025363684e-10,1.675273272650528e-10,-1.2323932612562112e-10,-1.6739364153753477e-10,-4.4833045608462626e-10,9.388475661318995e-06,-1.6588407270348073e-05,1.7844843249675667e-05,-1.6603869498569716e-05,2.1450718322862932e-06,-4.683647987847165e-07,-2.3059599837582404e-06,1.8628893314672806e-08,-6.6585451717866536e-09,4.349401548350653e-08,1.042779606389472e-07,8.342850110412532e-09,5.3749836644831516e-09,2.1507507765800888e-08,6.898221806788895e-08,3.7350857136844083e-14,-1.228704728052836e-13,3.641948635678817e-12,2.2459853780479647e-14,-3.0600513956175347e-09,1.1578711194146547e-08,3.737160498551014e-08,-2.9392841014159634e-08,2.2654224742071894e-08,6.358201773051008e-09,-4.846912135096593e-08,-1.5178139700179652e-07,7.4505617168236965e-09,3.974474513355345e-09,-1.9451011049335712e-08,-1.1184654376002587e-07,1.3810130744444537e-15,7.63480480272439e-16,5.360610866238307e-16,1.3309270693809447e-16,-4.159495086738549e-09,1.7156751692561146e-08,3.955545163598225e-08,7.836204689243847e-09,-1.3699105659125957e-09,6.073687662876295e-10,2.524323810643553e-08,-8.926705861306168e-09
Precip_NHX_L_seas,-6.90446344977967e-11,-5.281410333829519e-12,5.8443677735104105e-12,-4.748407765890937e-10,1.1296581837847882e-10,2.026228745694014e-11,-7.949797158595691e-12,-1.0356028355911521e-10,9.018796120875037e-06,-4.082088336325578e-07,-2.3163059088739788e-06,1.3364683494649202e-06,1.0144247297326179e-06,1.4858898308757706e-07,-4.220047270420675e-06,3.2517010079556546e-09,-3.465938909147276e-09,-2.871920488679687e-10,1.86297165480616e-08,-1.0013049910584837e-08,4.551798187629283e-09,4.975395978990836e-10,2.7801970341031777e-08,3.6675204341577876e-14,2.1427067673433002e-14,2.2459853780479647e-14,3.2904951107535493e-12,-4.300061149735475e-09,5.422298124024891e-10,-3.374693559052485e-09,-1.177057627610094e-08,1.8205141227654675e-08,1.3327766927638925e-08,-4.44125025126048e-09,-1.5436177835476367e-08,1.8366376813568205e-08,-1.1936218011515572e-09,-3.7873843221357845e-09,-3.423906961297041e-08,1.2648806399662092e-15,1.1158420697026156e-15,1.506154490264507e-15,-6.060975310317025e-16,-7.408544236601433e-09,2.185611145587543e-09,1.8621324899276675e-08,5.878345168426002e-09,3.882806373811974e-09,-1.1774176878453917e-09,2.667102563353532e-08,-9.111684290745493e-09
RH@500_NHX,-8.28244160965409e-05,-0.00018904050212229903,1.1142791706047957e-05,-0.0001528065793098318,-9.6296142397627e-05,1.1828667987888714e-06,4.212224488343724e-05,7.592859775066779e-05,-1.476671407945395,-2.789478319516642,4.404020611456119,2.9430162571031406,0.2887410167958621,-0.05820086073893069,0.06825085047545715,-0.013500485390557615,-0.002511457278787705,0.003518733033065914,0.007081231437006269,-0.010433160791837075,-0.0008017333445352892,-0.0013681176590427577,0.004596935758628068,3.603681125240379e-09,-1.4951899568978144e-08,-3.0600513956175347e-09,-4.300061149735475e-09,0.0466175778793745,0.0007089684059439047,-0.0023477980665503263,-0.01633145703183766,0.006613153939178276,-0.007684185008126753,-0.004569892010434707,-0.03022994847945314,8.406876378955524e-06,-0.006385308866820692,-0.00047547240244923,-0.017885883224052868,2.1941768537771115e-10,-2.117951935656865e-10,-3.460180451272899e-10,6.174076011587624e-10,-0.006001525706782742,0.0026957362968026166,0.007705883514301142,-0.0043190274235964604,-0.0017471796761441307,-0.001676049001527123,-0.002995163449713096,0.007082085049531233
RH@500_T,-4.859170387722572e-05,3.7959558204790205e-05,-2.2266697514504302e-05,-9.094376155385275e-05,2.053859798534196e-05,2.2785769056098843e-05,2.239931542968789e-05,-0.00019786623779729517,3.033500026372088,-6.469451783338047,2.604527493889868,-11.305420724435724,0.06765643264629463,0.0009701705070118113,0.026263651531894187,0.0024761779138390257,-0.017475869726155772,0.004904603071534973,-0.024136216044146192,0.0027332155069556526,-0.011813360177832025,0.0022743945757597236,-0.020505329809187133,-9.330064970504408e-10,1.2902096629562227e-08,1.1578711194146547e-08,5.422298124024891e-10,0.0007089684059439047,0.04208368975645638,-0.004227712524296816,0.013785807181682926,-0.00343454335770797,0.00584304834147535,-0.002481410846571526,0.010273515520145039,-0.0061660436936568615,-0.0003766432221687103,-0.0014587393926087842,0.010150692402233754,1.4556612082361193e-10,1.0505767034419406e-09,-5.891250686225644e-10,-8.930961137185434e-10,0.0046507508204222045,0.001352653849088446,-0.013648566681634656,-0.0002608957232329919,-0.0017325668224607313,0.001231434607848434,-0.005705846819741964,0.005450323537879926
RH@500_SHX,-2.8075101352701515e-05,-3.271468179336134e-05,9.671048863682919e-06,-9.186099572280894e-05,9.143911143359945e-05,2.5162523053028177e-06,-0.00014594714620622053,-0.0001127690987866612,2.022953916873898,0.2740954774219354,-1.426167372831933,-16.921049030971282,0.12651312979176763,-0.05084960907702326,0.06331744703885524,-0.010507142066940298,0.0013422719170171939,0.004518418328377841,-0.013786450170681969,-0.00823566095910425,0.001418221814702353,0.00384381525381596,-0.0018910117360459277,3.9668990072155065e-09,-3.4440221878645244e-09,3.737160498551014e-08,-3.374693559052485e-09,-0.0023477980665503263,-0.004227712524296816,0.04839522537630461,0.008718305236324385,0.01037222118966691,-0.0033147152823069788,-0.020763765560620866,0.010071488620539231,0.002394691004870203,-0.0008278957426822055,-0.007522166372386886,-0.006529960060273721,-2.869929931930664e-10,-4.928358414605688e-10,9.12124428715888e-10,1.3758087025911088e-09,-0.005294061532980402,0.00011684686064393268,0.0022458861823287097,-0.0023899342856123352,0.00026386655343894807,-0.003010905575252284,0.0013730534576255529,0.005081313851210215
RH@500_NHX_L_seas,-0.00015014048693758676,0.00015774789383359613,-0.00014413922407531264,-0.00032755805803543663,8.272617552547476e-05,1.7434780786002695e-05,-0.00017688490831092673,-0.00022426523686635105,-9.923859653457106,-4.9572787869966115,-7.116801341176003,-58.17921457914472,-0.7679419572050131,0.0886299837346619,3.1462487267985595,-0.016385955569731412,-0.01705110577736537,-0.012269507463337692,-0.19113612728500987,0.00540122668959036,-0.01738327750093361,-0.004592046455483955,-0.10386328724248457,-1.7398840208662058e-08,2.151430376563871e-08,-2.9392841014159634e-08,-1.177057627610094e-08,-0.01633145703183766,0.013785807181682926,0.008718305236324385,0.18960306145824954,0.00857207848457256,-0.001346791010685561,-0.008521093240617035,0.16632561492760495,-0.015230191873009087,0.00356994128407353,-0.005928245839788092,0.03025618173043146,-9.477012875184665e-10,2.426006849447914e-10,-1.505722518365789e-10,5.2485885991621876e-09,0.009484709113294548,-0.0069878298837658835,-0.04710505485101307,-0.0015420424138474992,-0.0032369701084180033,-0.002417417867774144,-0.03494627437205393,0.016350769648458968
RSR_NHX,0.00013351974680552301,3.0730574428049615e-06,4.7250835896633707e-05,-0.0002974372190049927,0.0004195511544524948,2.3693173922385545e-05,-9.538142068806336e-05,0.00027874059704593535,14.974312339981216,7.069776044968176,4.970512807444748,-15.78755653078398,2.2442069840998835,-0.8692282032702735,-6.288111586809338,-0.03681080962783886,0.0032679910648978215,0.01353082148940257,-0.005273430949453653,-0.03376015345234238,0.005244203651742607,0.0026419298029499486,0.030746195780598423,2.9015138817518782e-08,9.98901064974622e-09,2.2654224742071894e-08,1.8205141227654675e-08,0.006613153939178276,-0.00343454335770797,0.01037222118966691,0.00857207848457256,0.09990236735711444,0.003436934728359844,-0.01741767881728824,0.059155343627086604,0.03155067110411588,0.00032508448149612445,-0.003777947860110503,-0.03590470752040304,1.2718976029711955e-10,1.0959077311835073e-10,5.29281807770792e-10,-2.0010446830994517e-09,-0.028983660492090293,0.001692384603246083,0.020232262314153357,-0.003270124023306205,-0.0013517706066926032,-0.001198515689979313,0.010809764181758458,-0.012365862166625137
RSR_T,5.038281813664074e-05,0.00016891157006390658,2.7707638176681206e-05,-2.0263230563591937e-05,6.675892353914773e-05,2.6198695707017808e-05,-7.194250514162799e-06,-0.00018745207906493484,3.0033068564958625,0.4809679750180987,-0.32124142245557613,-10.888450618657874,0.20415604963727654,0.001691486618877978,-1.9873003292218725,0.004569975071962668,-0.006741313129827686,0.0012818689804810295,0.016168574602700148,0.0015925500808218738,-0.003040012329600842,0.0003575275304397621,0.019506021855480185,-1.8318185692572925e-09,1.5253940255960707e-08,6.358201773051008e-09,1.3327766927638925e-08,-0.007684185008126753,0.00584304834147535,-0.0033147152823069788,-0.001346791010685561,0.003436934728359844,0.03731018237486901,0.0011936616525662282,-0.014694422460375013,0.0035144493816977544,0.00552698757510701,0.0015150923479191627,-0.011368438340238391,7.74948694543923e-11,7.091872773865608e-10,-1.3737786221439952e-10,-9.182018706712473e-10,0.00027280038397355935,-0.001369622635990457,0.005384383005317485,0.0022979969456830922,0.0009743602658750387,0.0013695817723850452,0.006763700266888915,-0.0063289783844188525
RSR_SHX,6.0570061637082e-05,-2.0680577146557232e-05,-0.00010717447254418636,0.00023532230535836573,-8.66872197614019e-05,2.9845271298363918e-05,0.00015694486037790906,0.00014408675227228353,-4.200271510984746,6.116161819634126,-5.809883775712907,25.041425529143503,0.3218509596653538,0.1489580558038838,0.0693477844216843,0.01628789614735386,0.005642311807050483,-0.02607817712826942,0.039625134353412035,0.012490534726860703,0.0020300249857280557,-0.014540271185504577,0.02737306480792462,-1.3317053385647341e-08,2.601086890330068e-08,-4.846912135096593e-08,-4.44125025126048e-09,-0.004569892010434707,-0.002481410846571526,-0.020763765560620866,-0.008521093240617035,-0.01741767881728824,0.0011936616525662282,0.07224497501663824,-0.003994327322733781,-0.0033176981919558657,-0.0016675186861228968,0.012447943085747558,0.014922281571107237,-1.970433012780724e-10,1.390773800724237e-10,-1.1120578708711397e-09,-8.756782591761894e-10,0.007616670998774662,-0.0010035131775996578,0.0037415024347669727,0.004590443658628956,0.0018624298021666,-0.0001945477044501751,0.002373574979827653,-0.008889629267235981
RSR_NHX_L_seas,0.00011808225734746891,4.1103233909453116e-05,-0.00027410098389763946,0.0009317144672354803,0.000621358631764311,2.6693068198254237e-05,-6.771314068392327e-05,0.0018178656531227231,10.497060394780842,9.482165551274019,-1.5472036570542955,-0.7263816884949147,-0.2815163860519231,-0.8344510341476017,2.3920659311945984,-0.04106706557492097,-8.832711502433875e-05,0.008597904326500002,-0.33881397730667945,-0.01665440066434925,-0.009010470475338777,0.009196695644310379,-0.24814582195841406,7.009828677379563e-09,5.1167514663612194e-08,-1.5178139700179652e-07,-1.5436177835476367e-08,-0.03022994847945314,0.010273515520145039,0.010071488620539231,0.16632561492760495,0.059155343627086604,-0.014694422460375013,-0.003994327322733781,0.5779917402025944,0.003684704903644789,0.0012046128324873756,-0.011578858248787627,0.19579727064297797,-2.2500442861888473e-09,-6.110827477403228e-10,8.205475312469236e-10,-9.189566154812657e-09,-0.004002230014962652,-0.010571929900020706,-0.11940058354478936,-0.012270362115403798,-0.0032903338142606805,0.0028847844305951186,-0.06661943534293883,0.0017182897260724225
RSRC_NHX,0.0002757344752492829,0.00010408617980641854,4.546713148177351e-05,7.338150391787751e-05,0.0001216233594610791,-1.0046282146695493e-05,-3.612563320905783e-05,0.0002110923889969013,9.110022979679664,7.55936535367629,1.056276172502708,-3.223040745344962,1.7752083885304013,-0.5998838010042401,-5.658389797806098,-0.010884586935932406,0.01018117900533632,0.0038786441453626625,0.04084496117024817,-0.019338367652900673,0.008787204816788989,-0.0007765920715921774,0.05396228881203686,1.235690733245702e-08,-6.0046321994050545e-09,7.4505617168236965e-09,1.8366376813568205e-08,8.406876378955524e-06,-0.0061660436936568615,0.002394691004870203,-0.015230191873009087,0.03155067110411588,0.0035144493816977544,-0.0033176981919558657,0.003684704903644789,0.05325583861120719,0.004546431992537666,0.0022482946545230743,-0.024038624505586352,1.2079865202290392e-10,1.1863155972640366e-10,5.051299027653697e-10,-2.334944877748016e-09,-0.01946748181474489,0.0020653067499292826,0.029353145881201394,-0.0010963189523240967,0.00023998762005660905,-5.524842784506912e-05,0.014867374457922883,-0.01215458717152862
RSRC_T,0.0001078371588225588,0.00018901744772521583,3.318771779854619e-05,0.00011085479026969511,1.371963529685207e-05,-1.3518388861039872e-05,-1.8921217650296662e-06,9.635463358110793e-06,0.6302124229914791,1.279555176403341,-0.03438288069341452,-6.100151267704037,0.2703977031108672,-0.16136860584996135,-1.739453801422686,0.0038654742497800988,0.0023279581948948214,0.002304129374908012,0.01037588378756874,0.001102350516025648,0.001016136435845599,0.001698245224019228,0.014427349356272282,-2.0155818890548516e-09,-5.5823288229665305e-09,3.974474513355345e-09,-1.1936218011515572e-09,-0.006385308866820692,-0.0003766432221687103,-0.0008278957426822055,0.00356994128407353,0.00032508448149612445,0.00552698757510701,-0.0016675186861228968,0.0012046128324873756,0.004546431992537666,0.030079847178107307,0.0008269785154539992,-0.0024983081034676007,-8.061270607933412e-11,9.516059745664382e-11,2.282471249758249e-10,-5.404654562454362e-10,-0.0009619985124205994,-0.000652649833624292,0.007174018453452441,0.0012287387805189225,0.00022401386057275993,0.0016519569276753894,0.004752369382474487,-0.0051341593937978556
RSRC_SHX,4.678670880679996e-05,2.457407735000704e-05,1.5797444919246324e-05,6.301832514671963e-05,-4.5388781848023166e-05,6.356340082842274e-06,9.376051474126889e-08,0.00016853858744580116,-2.2660159506466697,1.998268170195258,-3.0525745425347974,13.44002960553297,0.4856751484089758,0.022053271563043073,-0.7153030062509929,0.0050266962977495,0.004554425258267228,-0.00834567372591063,0.031466274376468185,0.0029795562477892596,0.002680319978923064,-0.005437858380951205,0.026188098778042148,-5.305680808971164e-09,3.974591955520799e-09,-1.9451011049335712e-08,-3.7873843221357845e-09,-0.00047547240244923,-0.0014587393926087842,-0.007522166372386886,-0.005928245839788092,-0.003777947860110503,0.0015150923479191627,0.012447943085747558,-0.011578858248787627,0.0022482946545230743,0.0008269785154539992,0.030107291850062785,-0.0008739983012792691,1.1308060878917769e-10,2.875976098425391e-10,-4.3683718344008195e-10,-1.0870678445532959e-09,-6.195076120397752e-05,0.00023727904707949947,0.00925062292877675,0.0020311592071869046,0.0009577036717902012,0.0002537430515445304,0.003747657295934842,-0.004372566770754363
RSRC_NHX_L_seas,-0.0001298414189326563,-3.560139171096665e-05,-0.00014632225788172216,0.0015972659958286026,-2.3608075877750702e-05,8.527578449752402e-06,0.00012658100304241196,0.00045402789739739866,-0.02545699934036623,4.123141978367275,2.4572674950732236,26.18481788980741,-2.5678727579174003,0.412075611315904,6.731215377271739,0.019268587231677528,0.003401363180390762,0.005746757931727927,-0.11213320007289784,0.025579942617789488,-0.005858752837516091,0.006574806985617705,-0.16101938338906743,-6.893822143951447e-09,2.7389285472240058e-08,-1.1184654376002587e-07,-3.423906961297041e-08,-0.017885883224052868,0.010150692402233754,-0.006529960060273721,0.03025618173043146,-0.03590470752040304,-0.011368438340238391,0.014922281571107237,0.19579727064297797,-0.024038624505586352,-0.0024983081034676007,-0.0008739983012792691,0.23420799067421538,-4.255880804280629e-10,6.543133942158311e-11,-3.7869836571357563e-10,-3.015311311975936e-09,0.026926743514708116,-0.0029698584293098578,-0.09069424640318027,0.001499998475769507,-0.0003077437390974293,0.0035872000611676374,-0.0219646138853519,0.002975303497321491
Reff_NHX,-1.7591301458724288e-12,-1.4170082567292912e-12,3.1211217271872834e-12,-6.565199933452295e-12,3.665353408573022e-13,-2.8569028149096076e-13,7.491103419699163e-13,-1.0669724326270324e-11,-2.129903205793966e-08,-8.693802662063156e-08,2.384013149857968e-07,1.9879132722011315e-07,-1.7689985664182413e-08,-1.2884223112748818e-08,-1.468110285139279e-07,1.1691401625995766e-11,5.371957040867344e-11,7.789985922131948e-10,9.99168825830529e-10,-6.646003639978517e-11,8.654338710636128e-11,3.8489947093970623e-10,4.539816758256254e-10,5.164238971011243e-16,-4.0832593393295244e-16,1.3810130744444537e-15,1.2648806399662092e-15,2.1941768537771115e-10,1.4556612082361193e-10,-2.869929931930664e-10,-9.477012875184665e-10,1.2718976029711955e-10,7.74948694543923e-11,-1.970433012780724e-10,-2.2500442861888473e-09,1.2079865202290392e-10,-8.061270607933412e-11,1.1308060878917769e-10,-4.255880804280629e-10,2.330178134917851e-14,6.607253677517863e-17,-7.878309840613194e-18,-8.36610078045538e-17,4.234034126482275e-12,1.7623332614363827e-10,3.681018919961542e-10,1.6246362003127084e-10,6.879634461672296e-11,1.7826718159644878e-10,5.163302493978974e-10,-2.4580149128361095e-10
Reff_T,3.4592472059466695e-12,7.533988265492806e-12,5.639248888145146e-13,-3.4882269011711026e-12,1.6237030209831808e-12,2.0021633286493843e-12,-2.554056681367389e-12,-1.6888063257160965e-12,4.173241089016415e-08,-3.531936639238689e-07,-1.4002525933394771e-07,5.20538862172657e-07,4.548688275698474e-08,-1.3421849802963711e-08,-1.7878592922897858e-07,-3.017248496380023e-12,-9.074222530824723e-10,-2.9699251576024143e-11,1.8042623682219562e-09,-5.3928490309212794e-11,-5.818607405595915e-10,-3.4945465464376603e-11,1.6614101486570899e-09,4.596389973005013e-17,2.2315343299663182e-15,7.63480480272439e-16,1.1158420697026156e-15,-2.117951935656865e-10,1.0505767034419406e-09,-4.928358414605688e-10,2.426006849447914e-10,1.0959077311835073e-10,7.091872773865608e-10,1.390773800724237e-10,-6.110827477403228e-10,1.1863155972640366e-10,9.516059745664382e-11,2.875976098425391e-10,6.543133942158311e-11,6.607253677517863e-17,2.3335401258940174e-14,-4.054352309258289e-17,-1.4840761220369878e-16,-9.165146444666589e-12,1.2386854636887983e-10,5.25212735482406e-10,2.105457634506133e-10,1.4606295061809752e-10,1.2339518816873135e-10,3.5536807690340157e-10,4.5142742223905214e-11
Reff_SHX,1.3099970143247473e-11,4.45984794231127e-12,-3.218244937719625e-12,2.1359165208008618e-11,9.578145625350853e-12,-1.8017197477489035e-12,-6.126733458231838e-13,-1.4528888840634985e-11,1.8055028935692076e-07,1.3246198874456517e-07,2.746728953898499e-07,-1.52292541222669e-06,-4.4359951113407166e-08,-1.2037682941262553e-08,-1.0295144285933317e-08,3.3954831520171985e-10,5.052311372437173e-10,4.171811798350443e-10,-9.919962414112161e-10,2.7125243108224497e-11,3.2992666186466355e-10,2.3655174997154816e-10,-6.378508109521252e-10,1.0426918975176518e-15,-6.75674950311394e-16,5.360610866238307e-16,1.506154490264507e-15,-3.460180451272899e-10,-5.891250686225644e-10,9.12124428715888e-10,-1.505722518365789e-10,5.29281807770792e-10,-1.3737786221439952e-10,-1.1120578708711397e-09,8.205475312469236e-10,5.051299027653697e-10,2.282471249758249e-10,-4.3683718344008195e-10,-3.7869836571357563e-10,-7.878309840613194e-18,-4.054352309258289e-17,2.3393069754503e-14,7.081792782394e-17,1.1165613350643596e-10,1.5265243219286734e-10,-2.8178894928436805e-10,1.6345583963843206e-10,3.917506565861947e-11,-2.0289676802240968e-10,5.422790065349952e-10,-2.2742439687321834e-10
Reff_NHX_L_seas,-2.5011665196954212e-11,-1.3055905931458687e-11,-1.4425959481273359e-11,-4.752483631468996e-12,-6.6026921233711505e-12,-8.161916688330446e-13,7.757017244884078e-13,-1.6668684175828748e-10,-9.302718246291149e-07,-9.566168622567897e-07,-1.9076083973348818e-07,-7.787935653955505e-06,-3.1303054703508465e-07,2.104352843213405e-08,9.644941269658938e-07,-2.2000265026456134e-10,-1.4750710485472867e-09,-1.5849992105226568e-09,-1.2029909656636809e-08,1.0320843027513625e-09,-1.1155598176632208e-09,-6.312262369960845e-10,-9.452488150937768e-09,-8.551703217229985e-17,4.534088439237793e-16,1.3309270693809447e-16,-6.060975310317025e-16,6.174076011587624e-10,-8.930961137185434e-10,1.3758087025911088e-09,5.2485885991621876e-09,-2.0010446830994517e-09,-9.182018706712473e-10,-8.756782591761894e-10,-9.189566154812657e-09,-2.334944877748016e-09,-5.404654562454362e-10,-1.0870678445532959e-09,-3.015311311975936e-09,-8.36610078045538e-17,-1.4840761220369878e-16,7.081792782394e-17,2.5356196954786647e-14,1.7633194341934012e-09,-7.605988870880445e-10,-3.434088072211344e-09,1.3480362422647183e-10,-3.7087180112406415e-10,-7.801503275815659e-10,-1.4858445612463465e-09,2.36700942626784e-09
T2m_NHX_L,-0.0001048477548988611,-9.541659232567122e-06,-5.6954669870643856e-05,0.0002008154236422019,-7.016389746276952e-05,-2.2208562397785583e-06,6.353075141167315e-05,-0.0003798922827821188,-5.9993440495671395,-3.030666431214064,0.5134143460870821,-4.295301234042729,-2.209692283071661,0.5103152530670331,5.5321129182338336,0.020126064220009517,-0.005982263445066701,-0.0009380892113996228,-0.039866500717223384,0.023559453803189807,-0.005058755242309508,0.0017594801769252304,-0.060411662068232425,-5.251981314523431e-09,7.742290886287076e-10,-4.159495086738549e-09,-7.408544236601433e-09,-0.006001525706782742,0.0046507508204222045,-0.005294061532980402,0.009484709113294548,-0.028983660492090293,0.00027280038397355935,0.007616670998774662,-0.004002230014962652,-0.01946748181474489,-0.0009619985124205994,-6.195076120397752e-05,0.026926743514708116,4.234034126482275e-12,-9.165146444666589e-12,1.1165613350643596e-10,1.7633194341934012e-09,0.04636721927364561,-0.0012485551406059869,-0.03582341360169257,0.004533155663128291,-0.00025259438267816495,0.0005877221860857905,-0.012068537528342959,0.003399517295662985
T2m_T_L,2.616402120997669e-05,-1.585087862199967e-05,1.656511103925735e-05,1.4659175500121195e-05,-8.733446086491389e-06,-8.768275878664004e-06,1.1660147745211673e-06,6.645202011362059e-05,0.2924947731489752,-0.34752764801821623,0.8298939452229778,4.948506534289647,0.37239653197590683,-0.02891467799785704,-0.2748505067713869,0.0013848709878767778,0.0018437644476225232,0.0014037469638276986,0.019652841438097552,-0.0002232412371502886,0.001821827648127725,0.0008751036122791056,0.013054117132582988,3.3573433998935433e-09,-1.0580477899862972e-08,1.7156751692561146e-08,2.185611145587543e-09,0.0026957362968026166,0.001352653849088446,0.00011684686064393268,-0.0069878298837658835,0.001692384603246083,-0.001369622635990457,-0.0010035131775996578,-0.010571929900020706,0.0020653067499292826,-0.000652649833624292,0.00023727904707949947,-0.0029698584293098578,1.7623332614363827e-10,1.2386854636887983e-10,1.5265243219286734e-10,-7.605988870880445e-10,-0.0012485551406059869,0.026515098742498227,0.005830321204904177,0.0007458011587127742,-1.0203099234420872e-05,-0.00030378090953759506,0.003180608812767006,-0.00110655439084556
T2m_NHX_L_seas,0.0002457251409789948,0.00018080987890390377,0.00018552249686630356,-0.00028566040835138333,-0.0001485841997597364,-1.83635727785762e-05,-0.00012247872270978877,0.0008082162545628391,-1.245274736687522,7.003435801753832,-9.163513108152465,33.762093815007674,4.494382192623067,-0.5439407399933968,-11.632621318962203,-0.009371476711351046,0.020561318924983862,-0.01727013960924146,0.22960006245546663,-0.024012005507320192,0.015884177571952384,-0.011947512148082404,0.24537924714864745,-1.0345070556717586e-08,-2.1317441280281108e-08,3.955545163598225e-08,1.8621324899276675e-08,0.007705883514301142,-0.013648566681634656,0.0022458861823287097,-0.04710505485101307,0.020232262314153357,0.005384383005317485,0.0037415024347669727,-0.11940058354478936,0.029353145881201394,0.007174018453452441,0.00925062292877675,-0.09069424640318027,3.681018919961542e-10,5.25212735482406e-10,-2.8178894928436805e-10,-3.434088072211344e-09,-0.03582341360169257,0.005830321204904177,0.14896297500222466,-0.0004570316611362528,0.0041241588481166535,0.00012175449662633326,0.050231040905902066,-0.012305865080351107
T@500_NHX,1.2648122160253221e-05,4.317208405003937e-05,1.7468905277341599e-06,5.852905018778035e-05,1.316198292955406e-05,-3.6992864958840336e-06,-1.7074872185211808e-06,-3.294749988650221e-05,-1.4201645966078602,0.8144796750230573,-0.6860528859263391,3.62381363661193,-0.2020180753136663,0.051569874190358814,0.11409920801862218,0.00920353052263636,0.0020000972039526253,-0.002400060448509817,0.016397109347986355,0.007651639365953715,0.0013291689517285024,-0.001121055887110783,0.007256011830211059,1.9103673167224825e-09,1.1803924055251823e-09,7.836204689243847e-09,5.878345168426002e-09,-0.0043190274235964604,-0.0002608957232329919,-0.0023899342856123352,-0.0015420424138474992,-0.003270124023306205,0.0022979969456830922,0.004590443658628956,-0.012270362115403798,-0.0010963189523240967,0.0012287387805189225,0.0020311592071869046,0.001499998475769507,1.6246362003127084e-10,2.105457634506133e-10,1.6345583963843206e-10,1.3480362422647183e-10,0.004533155663128291,0.0007458011587127742,-0.0004570316611362528,0.02772682509093354,0.0005532299453855707,4.937800325593238e-05,0.003003963349452828,-0.0041799688524136605
T@500_T,3.2849183176971974e-06,5.717028919564955e-06,4.865216596760197e-06,1.7276541595019505e-05,-5.623478418118452e-06,3.279926963568877e-06,-1.4119115670669388e-05,4.323094738544313e-05,-0.6382508761870495,0.7687529106550205,-1.658385903715432,4.908045709681169,0.10731608009268935,0.04636729162102415,-0.2543481433605803,0.0008828388757519555,0.0018849570009371395,-0.002216203906512193,0.012707323717626597,0.000496452567908474,0.0014912769714541415,-0.0006299912528831441,0.010196170342635336,-1.5405512217647819e-09,2.8516578215295594e-09,-1.3699105659125957e-09,3.882806373811974e-09,-0.0017471796761441307,-0.0017325668224607313,0.00026386655343894807,-0.0032369701084180033,-0.0013517706066926032,0.0009743602658750387,0.0018624298021666,-0.0032903338142606805,0.00023998762005660905,0.00022401386057275993,0.0009577036717902012,-0.0003077437390974293,6.879634461672296e-11,1.4606295061809752e-10,3.917506565861947e-11,-3.7087180112406415e-10,-0.00025259438267816495,-1.0203099234420872e-05,0.0041241588481166535,0.0005532299453855707,0.024292458801344997,-3.1499176199662904e-05,0.0028861378730718045,-0.0012239623331304704
T@500_SHX,1.0517471507396996e-05,4.591020555074096e-05,1.6386582598292392e-05,3.040387188230549e-05,2.639425035611816e-06,-6.749938140087014e-06,2.1520349820510423e-05,4.174246812195978e-05,0.35317974138254365,-0.4428415711240379,0.2968018730319365,4.142358459365485,-0.059905656537480215,-0.00017581111103085264,-0.47788751936436724,0.001823721540555646,-0.0003826957995527599,0.004128140838119541,0.0029297966153327888,0.0012925208788298673,-0.0003341522172610605,0.00301934542761759,0.00010612209339329518,-2.859530894283864e-09,-2.7077713414204075e-09,6.073687662876295e-10,-1.1774176878453917e-09,-0.001676049001527123,0.001231434607848434,-0.003010905575252284,-0.002417417867774144,-0.001198515689979313,0.0013695817723850452,-0.0001945477044501751,0.0028847844305951186,-5.524842784506912e-05,0.0016519569276753894,0.0002537430515445304,0.0035872000611676374,1.7826718159644878e-10,1.2339518816873135e-10,-2.0289676802240968e-10,-7.801503275815659e-10,0.0005877221860857905,-0.00030378090953759506,0.00012175449662633326,4.937800325593238e-05,-3.1499176199662904e-05,0.0259762398864196,0.0008177277143921676,-0.0016330704684013578
T@500_NHX_L_seas,8.588015811280799e-05,0.00014563813234263074,7.394855130527508e-05,3.841983347769468e-05,5.5932607414098944e-05,5.452580047336247e-06,-3.748431726904885e-05,-2.9011902841995884e-05,8.368623164857423,6.521519703862388,-2.5655147060321117,3.5314733339756237,2.0600345625313494,-0.34703230603332935,-6.218080578431626,0.0065024597960952136,0.011672095571512268,-0.0010926323298457075,0.12311873701999959,-0.005634069112347526,0.008838247936416471,-0.0010266955264661224,0.1123388099902357,2.6260003733408886e-09,-3.6961516243039366e-09,2.524323810643553e-08,2.667102563353532e-08,-0.002995163449713096,-0.005705846819741964,0.0013730534576255529,-0.03494627437205393,0.010809764181758458,0.006763700266888915,0.002373574979827653,-0.06661943534293883,0.014867374457922883,0.004752369382474487,0.003747657295934842,-0.0219646138853519,5.163302493978974e-10,3.5536807690340157e-10,5.422790065349952e-10,-1.4858445612463465e-09,-0.012068537528342959,0.003180608812767006,0.050231040905902066,0.003003963349452828,0.0028861378730718045,0.0008177277143921676,0.06769620281327396,-0.013866141185418795
netflux_global,-0.0001342440658636768,-0.0001275476149899519,-4.6742259337853954e-05,-0.00021118642436182666,-0.00011184865387329941,2.3194409446751353e-06,-2.7815762371532657e-05,-0.0001577390944127596,-5.567278526289769,-8.15611064091206,-1.634804484619334,-9.140877690640563,-0.5566316504525247,0.22614893162322278,2.8329085968577385,-0.008241765034310592,-0.01110745218936814,-0.0035774951103890885,-0.046544123757767626,-0.0013851146555397072,-0.008502253297628902,-0.0012895631691502486,-0.035694531237092715,-6.535789016259756e-09,5.480997370272117e-09,-8.926705861306168e-09,-9.111684290745493e-09,0.007082085049531233,0.005450323537879926,0.005081313851210215,0.016350769648458968,-0.012365862166625137,-0.0063289783844188525,-0.008889629267235981,0.0017182897260724225,-0.01215458717152862,-0.0051341593937978556,-0.004372566770754363,0.002975303497321491,-2.4580149128361095e-10,4.5142742223905214e-11,-2.2742439687321834e-10,2.36700942626784e-09,0.003399517295662985,-0.00110655439084556,-0.012305865080351107,-0.0041799688524136605,-0.0012239623331304704,-0.0016330704684013578,-0.013866141185418795,0.04013845593550121
